Workbook

Sheet 啟動效果
A1: 效果編號 | B1: 分類 | C1: 效果文字 | D1: 使用張數 | E1: 火 | F1: 水 | G1: 草 | H1: 使用卡牌 | I1: 種族
A2: A01 | B2: 屬性剋制 | C2: 屬性剋制成功時戰力 +2 | D2: =COUNTIF(卡表108!$D$2:$D$109,C2) -> 6 | E2: =COUNTIFS(卡表108!$D$2:$D$109,C2,卡表108!$B$2:$B$109,"火") -> 1 | F2: =COUNTIFS(卡表108!$D$2:$D$109,C2,卡表108!$B$2:$B$109,"水") -> 1 | G2: =COUNTIFS(卡表108!$D$2:$D$109,C2,卡表108!$B$2:$B$109,"草") -> 4 | H2: F03、G03、G04、G05、G26、W03 | I2: 狐、仙、花、精、樹、魚
A3: A02 | B3: 屬性剋制 | C3: 屬性判定由最左一張決定 | D3: =COUNTIF(卡表108!$D$2:$D$109,C3) -> 3 | E3: =COUNTIFS(卡表108!$D$2:$D$109,C3,卡表108!$B$2:$B$109,"火") -> 1 | F3: =COUNTIFS(卡表108!$D$2:$D$109,C3,卡表108!$B$2:$B$109,"水") -> 2 | G3: =COUNTIFS(卡表108!$D$2:$D$109,C3,卡表108!$B$2:$B$109,"草") -> 0 | H3: F04、W04、W27 | I3: 魔、靈、蛇
A4: A03 | B4: 屬性剋制 | C4: 屬性剋制成功時，收回一張至手牌 | D4: =COUNTIF(卡表108!$D$2:$D$109,C4) -> 2 | E4: =COUNTIFS(卡表108!$D$2:$D$109,C4,卡表108!$B$2:$B$109,"火") -> 1 | F4: =COUNTIFS(卡表108!$D$2:$D$109,C4,卡表108!$B$2:$B$109,"水") -> 0 | G4: =COUNTIFS(卡表108!$D$2:$D$109,C4,卡表108!$B$2:$B$109,"草") -> 1 | H4: F01、G02 | I4: 魔、蟲
A5: A04 | B5: 屬性剋制 | C5: 屬性被對手剋制時對手戰力 -1 | D5: =COUNTIF(卡表108!$D$2:$D$109,C5) -> 2 | E5: =COUNTIFS(卡表108!$D$2:$D$109,C5,卡表108!$B$2:$B$109,"火") -> 1 | F5: =COUNTIFS(卡表108!$D$2:$D$109,C5,卡表108!$B$2:$B$109,"水") -> 1 | G5: =COUNTIFS(卡表108!$D$2:$D$109,C5,卡表108!$B$2:$B$109,"草") -> 0 | H5: F02、W02 | I5: 鳥、人
A6: A05 | B6: 屬性剋制 | C6: 屬性被對手剋制時對手隨機棄一張手牌 | D6: =COUNTIF(卡表108!$D$2:$D$109,C6) -> 2 | E6: =COUNTIFS(卡表108!$D$2:$D$109,C6,卡表108!$B$2:$B$109,"火") -> 0 | F6: =COUNTIFS(卡表108!$D$2:$D$109,C6,卡表108!$B$2:$B$109,"水") -> 1 | G6: =COUNTIFS(卡表108!$D$2:$D$109,C6,卡表108!$B$2:$B$109,"草") -> 1 | H6: G01、W01 | I6: 蟲、龜
A7: A06 | B7: 牌型／核心 | C7: 雜色（AB、ABC）：戰力 +2 | D7: =COUNTIF(卡表108!$D$2:$D$109,C7) -> 5 | E7: =COUNTIFS(卡表108!$D$2:$D$109,C7,卡表108!$B$2:$B$109,"火") -> 1 | F7: =COUNTIFS(卡表108!$D$2:$D$109,C7,卡表108!$B$2:$B$109,"水") -> 2 | G7: =COUNTIFS(卡表108!$D$2:$D$109,C7,卡表108!$B$2:$B$109,"草") -> 2 | H7: F07、G07、G08、W06、W07 | I7: 鬼、精、鹿、龜、魚
A8: A07 | B8: 牌型／核心 | C8: 牌型有 AA：戰力 +1 | D8: =COUNTIF(卡表108!$D$2:$D$109,C8) -> 5 | E8: =COUNTIFS(卡表108!$D$2:$D$109,C8,卡表108!$B$2:$B$109,"火") -> 1 | F8: =COUNTIFS(卡表108!$D$2:$D$109,C8,卡表108!$B$2:$B$109,"水") -> 2 | G8: =COUNTIFS(卡表108!$D$2:$D$109,C8,卡表108!$B$2:$B$109,"草") -> 2 | H8: F08、G15、G20、W08、W10 | I8: 鳥、蟲、樹、人、蛇
A9: A08 | B9: 牌型／核心 | C9: AABB：戰力 +2 | D9: =COUNTIF(卡表108!$D$2:$D$109,C9) -> 2 | E9: =COUNTIFS(卡表108!$D$2:$D$109,C9,卡表108!$B$2:$B$109,"火") -> 1 | F9: =COUNTIFS(卡表108!$D$2:$D$109,C9,卡表108!$B$2:$B$109,"水") -> 0 | G9: =COUNTIFS(卡表108!$D$2:$D$109,C9,卡表108!$B$2:$B$109,"草") -> 1 | H9: F06、G06 | I9: 獸、花
A10: A09 | B10: 牌型／核心 | C10: 無法成立牌型時：將最左 1 張啟動為石像 | D10: =COUNTIF(卡表108!$D$2:$D$109,C10) -> 2 | E10: =COUNTIFS(卡表108!$D$2:$D$109,C10,卡表108!$B$2:$B$109,"火") -> 1 | F10: =COUNTIFS(卡表108!$D$2:$D$109,C10,卡表108!$B$2:$B$109,"水") -> 1 | G10: =COUNTIFS(卡表108!$D$2:$D$109,C10,卡表108!$B$2:$B$109,"草") -> 0 | H10: F09、W09 | I10: 獸、蛇
A11: A10 | B11: 牌型／核心 | C11: AAA：戰力 +2 | D11: =COUNTIF(卡表108!$D$2:$D$109,C11) -> 2 | E11: =COUNTIFS(卡表108!$D$2:$D$109,C11,卡表108!$B$2:$B$109,"火") -> 1 | F11: =COUNTIFS(卡表108!$D$2:$D$109,C11,卡表108!$B$2:$B$109,"水") -> 0 | G11: =COUNTIFS(卡表108!$D$2:$D$109,C11,卡表108!$B$2:$B$109,"草") -> 1 | H11: F32、G32 | I11: 魔、鹿
A12: A11 | B12: 牌型／核心 | C12: AAAA：戰力 +3 | D12: =COUNTIF(卡表108!$D$2:$D$109,C12) -> 2 | E12: =COUNTIFS(卡表108!$D$2:$D$109,C12,卡表108!$B$2:$B$109,"火") -> 1 | F12: =COUNTIFS(卡表108!$D$2:$D$109,C12,卡表108!$B$2:$B$109,"水") -> 0 | G12: =COUNTIFS(卡表108!$D$2:$D$109,C12,卡表108!$B$2:$B$109,"草") -> 1 | H12: F33、G33 | I12: 鳥、樹
A13: A12 | B13: 牌型／核心 | C13: 牌型有 AAA：戰力 +1 | D13: =COUNTIF(卡表108!$D$2:$D$109,C13) -> 2 | E13: =COUNTIFS(卡表108!$D$2:$D$109,C13,卡表108!$B$2:$B$109,"火") -> 1 | F13: =COUNTIFS(卡表108!$D$2:$D$109,C13,卡表108!$B$2:$B$109,"水") -> 1 | G13: =COUNTIFS(卡表108!$D$2:$D$109,C13,卡表108!$B$2:$B$109,"草") -> 0 | H13: F34、W33 | I13: 魔、妖
... A49: A48 | B49: 情報 | C49: 【翻牌】前：看對手 1 張出戰牌 | D49: =COUNTIF(卡表108!$D$2:$D$109,C49) -> 1 | E49: =COUNTIFS(卡表108!$D$2:$D$109,C49,卡表108!$B$2:$B$109,"火") -> 0 | F49: =COUNTIFS(卡表108!$D$2:$D$109,C49,卡表108!$B$2:$B$109,"水") -> 1 | G49: =COUNTIFS(卡表108!$D$2:$D$109,C49,卡表108!$B$2:$B$109,"草") -> 0 | H49: W05 | I49: 靈
C50: 合計 | D50: =SUM(D2:D49) -> 108 | E50: =SUM(E2:E49) -> 36 | F50: =SUM(F2:F49) -> 36 | G50: =SUM(G2:G49) -> 36
A52: 說明：「使用張數／火／水／草」由公式從「卡表108」工作表即時計算；「分類」是依效果文字初步歸類，可自行修改；「使用卡牌」「種族」為整理時的清單，卡表變動後需重新整理。

Sheet 獻祭效果
A1: 效果編號 | B1: 分類 | C1: 效果文字 | D1: 使用張數 | E1: 火 | F1: 水 | G1: 草 | H1: 使用卡牌 | I1: 種族
A2: S01 | B2: 我方強化 | C2: 本回合戰力 +1，【多抽】 1 張 | D2: =COUNTIF(卡表108!$E$2:$E$109,C2) -> 5 | E2: =COUNTIFS(卡表108!$E$2:$E$109,C2,卡表108!$B$2:$B$109,"火") -> 1 | F2: =COUNTIFS(卡表108!$E$2:$E$109,C2,卡表108!$B$2:$B$109,"水") -> 2 | G2: =COUNTIFS(卡表108!$E$2:$E$109,C2,卡表108!$B$2:$B$109,"草") -> 2 | H2: F06、G02、G24、W04、W16 | I2: 獸、蟲、仙、靈、妖
A3: S02 | B3: 我方強化 | C3: 本回合戰力 +2 | D3: =COUNTIF(卡表108!$E$2:$E$109,C3) -> 3 | E3: =COUNTIFS(卡表108!$E$2:$E$109,C3,卡表108!$B$2:$B$109,"火") -> 1 | F3: =COUNTIFS(卡表108!$E$2:$E$109,C3,卡表108!$B$2:$B$109,"水") -> 0 | G3: =COUNTIFS(卡表108!$E$2:$E$109,C3,卡表108!$B$2:$B$109,"草") -> 2 | H3: F29、G27、G30 | I3: 狐、精
A4: S03 | B4: 我方強化 | C4: 本回合獲勝時：多得 1 分 | D4: =COUNTIF(卡表108!$E$2:$E$109,C4) -> 3 | E4: =COUNTIFS(卡表108!$E$2:$E$109,C4,卡表108!$B$2:$B$109,"火") -> 0 | F4: =COUNTIFS(卡表108!$E$2:$E$109,C4,卡表108!$B$2:$B$109,"水") -> 1 | G4: =COUNTIFS(卡表108!$E$2:$E$109,C4,卡表108!$B$2:$B$109,"草") -> 2 | H4: G26、G32、W19 | I4: 鹿、樹、龜
A5: S04 | B5: 屬性剋制 | C5: 本回合我方剋制加成 +2 | D5: =COUNTIF(卡表108!$E$2:$E$109,C5) -> 6 | E5: =COUNTIFS(卡表108!$E$2:$E$109,C5,卡表108!$B$2:$B$109,"火") -> 2 | F5: =COUNTIFS(卡表108!$E$2:$E$109,C5,卡表108!$B$2:$B$109,"水") -> 2 | G5: =COUNTIFS(卡表108!$E$2:$E$109,C5,卡表108!$B$2:$B$109,"草") -> 2 | H5: F25、F35、G05、G19、W28、W34 | I5: 鳥、龍、仙、精、人、妖
A6: S05 | B6: 屬性剋制 | C6: 本回合不受剋制 | D6: =COUNTIF(卡表108!$E$2:$E$109,C6) -> 5 | E6: =COUNTIFS(卡表108!$E$2:$E$109,C6,卡表108!$B$2:$B$109,"火") -> 3 | F6: =COUNTIFS(卡表108!$E$2:$E$109,C6,卡表108!$B$2:$B$109,"水") -> 0 | G6: =COUNTIFS(卡表108!$E$2:$E$109,C6,卡表108!$B$2:$B$109,"草") -> 2 | H6: F02、F05、F08、G01、G34 | I6: 鳥、狐、蟲、鹿
A7: S06 | B7: 屬性剋制 | C7: 本回合我方核心屬性改為指定屬性（翻牌前宣告） | D7: =COUNTIF(卡表108!$E$2:$E$109,C7) -> 3 | E7: =COUNTIFS(卡表108!$E$2:$E$109,C7,卡表108!$B$2:$B$109,"火") -> 1 | F7: =COUNTIFS(卡表108!$E$2:$E$109,C7,卡表108!$B$2:$B$109,"水") -> 2 | G7: =COUNTIFS(卡表108!$E$2:$E$109,C7,卡表108!$B$2:$B$109,"草") -> 0 | H7: F12、W05、W36 | I7: 鳥、龜、靈
A8: S07 | B8: 屬性剋制 | C8: 變換 1 張手牌或出戰牌的屬性（本回合有效） | D8: =COUNTIF(卡表108!$E$2:$E$109,C8) -> 3 | E8: =COUNTIFS(卡表108!$E$2:$E$109,C8,卡表108!$B$2:$B$109,"火") -> 2 | F8: =COUNTIFS(卡表108!$E$2:$E$109,C8,卡表108!$B$2:$B$109,"水") -> 0 | G8: =COUNTIFS(卡表108!$E$2:$E$109,C8,卡表108!$B$2:$B$109,"草") -> 1 | H8: F22、F26、G20 | I8: 獸、蟲
A9: S08 | B9: 屬性剋制 | C9: 本回合我方剋制不限牌型等級 | D9: =COUNTIF(卡表108!$E$2:$E$109,C9) -> 2 | E9: =COUNTIFS(卡表108!$E$2:$E$109,C9,卡表108!$B$2:$B$109,"火") -> 0 | F9: =COUNTIFS(卡表108!$E$2:$E$109,C9,卡表108!$B$2:$B$109,"水") -> 1 | G9: =COUNTIFS(卡表108!$E$2:$E$109,C9,卡表108!$B$2:$B$109,"草") -> 1 | H9: G11、W32 | I9: 精、魚
A10: S09 | B10: 干擾對手 | C10: 本回合對手不能獻祭（可被【反擊】回應） | D10: =COUNTIF(卡表108!$E$2:$E$109,C10) -> 5 | E10: =COUNTIFS(卡表108!$E$2:$E$109,C10,卡表108!$B$2:$B$109,"火") -> 2 | F10: =COUNTIFS(卡表108!$E$2:$E$109,C10,卡表108!$B$2:$B$109,"水") -> 1 | G10: =COUNTIFS(卡表108!$E$2:$E$109,C10,卡表108!$B$2:$B$109,"草") -> 2 | H10: F09、F17、G12、G21、W13 | I10: 獸、龍、樹、妖
A11: S10 | B11: 干擾對手 | C11: 本回合對手隊長效果無效 | D11: =COUNTIF(卡表108!$E$2:$E$109,C11) -> 5 | E11: =COUNTIFS(卡表108!$E$2:$E$109,C11,卡表108!$B$2:$B$109,"火") -> 2 | F11: =COUNTIFS(卡表108!$E$2:$E$109,C11,卡表108!$B$2:$B$109,"水") -> 2 | G11: =COUNTIFS(卡表108!$E$2:$E$109,C11,卡表108!$B$2:$B$109,"草") -> 1 | H11: F13、F31、G28、W07、W24 | I11: 狐、鬼、鹿、龜、魚
A12: S11 | B12: 干擾對手 | C12: 本回合對手戰力 -2 | D12: =COUNTIF(卡表108!$E$2:$E$109,C12) -> 3 | E12: =COUNTIFS(卡表108!$E$2:$E$109,C12,卡表108!$B$2:$B$109,"火") -> 2 | F12: =COUNTIFS(卡表108!$E$2:$E$109,C12,卡表108!$B$2:$B$109,"水") -> 1 | G12: =COUNTIFS(卡表108!$E$2:$E$109,C12,卡表108!$B$2:$B$109,"草") -> 0 | H12: F10、F33、W30 | I12: 鳥、鬼、龜
A13: S12 | B13: 干擾對手 | C13: 對手選 1 張手牌放回牌庫底 | D13: =COUNTIF(卡表108!$E$2:$E$109,C13) -> 3 | E13: =COUNTIFS(卡表108!$E$2:$E$109,C13,卡表108!$B$2:$B$109,"火") -> 2 | F13: =COUNTIFS(卡表108!$E$2:$E$109,C13,卡表108!$B$2:$B$109,"水") -> 1 | G13: =COUNTIFS(卡表108!$E$2:$E$109,C13,卡表108!$B$2:$B$109,"草") -> 0 | H13: F23、F32、W11 | I13: 魔、龍、妖
... A34: S33 | B34: 抽牌／檢索 | C34: 棄牌區 2 張洗回牌庫 | D34: =COUNTIF(卡表108!$E$2:$E$109,C34) -> 1 | E34: =COUNTIFS(卡表108!$E$2:$E$109,C34,卡表108!$B$2:$B$109,"火") -> 1 | F34: =COUNTIFS(卡表108!$E$2:$E$109,C34,卡表108!$B$2:$B$109,"水") -> 0 | G34: =COUNTIFS(卡表108!$E$2:$E$109,C34,卡表108!$B$2:$B$109,"草") -> 0 | H34: F16 | I34: 狐
C35: 合計 | D35: =SUM(D2:D34) -> 108 | E35: =SUM(E2:E34) -> 36 | F35: =SUM(F2:F34) -> 36 | G35: =SUM(G2:G34) -> 36
A37: 說明：「使用張數／火／水／草」由公式從「卡表108」工作表即時計算；「分類」是依效果文字初步歸類，可自行修改；「使用卡牌」「種族」為整理時的清單，卡表變動後需重新整理。

Sheet 卡表108
A1: 編號 | B1: 屬性 | C1: 種族 | D1: 啟動效果 | E1: 獻祭效果
A2: F01 | B2: 火 | C2: 魔 | D2: 屬性剋制成功時，收回一張至手牌 | E2: 看對手 2 張手牌
A3: F02 | B3: 火 | C3: 鳥 | D3: 屬性被對手剋制時對手戰力 -1 | E3: 本回合不受剋制
A4: F03 | B4: 火 | C4: 狐 | D4: 屬性剋制成功時戰力 +2 | E4: 從牌庫選 1 張加入手牌
A5: F04 | B5: 火 | C5: 魔 | D5: 屬性判定由最左一張決定 | E5: 發動我方 1 座直立、未封印石像的獻祭效果（不獻祭它）
A6: F05 | B6: 火 | C6: 狐 | D6: 【出牌】前：看對手 2 張手牌 | E6: 本回合不受剋制
A7: F06 | B7: 火 | C7: 獸 | D7: AABB：戰力 +2 | E7: 本回合戰力 +1，【多抽】 1 張
A8: F07 | B8: 火 | C8: 鬼 | D8: 雜色（AB、ABC）：戰力 +2 | E8: 【我方】已獻祭石像 1 座放入棄牌區
A9: F08 | B9: 火 | C9: 鳥 | D9: 牌型有 AA：戰力 +1 | E9: 本回合不受剋制
A10: F09 | B10: 火 | C10: 獸 | D10: 無法成立牌型時：將最左 1 張啟動為石像 | E10: 本回合對手不能獻祭（可被【反擊】回應）
A11: F10 | B11: 火 | C11: 鬼 | D11: 對手【多抽】時，少 1 張（每回合執行一次） | E11: 本回合對手戰力 -2
A12: F11 | B12: 火 | C12: 龍 | D12: 對手【多抽】時，少 1 張（每回合執行一次） | E12: 本回合全場石像的啟動效果無效
... A109: W36 | B109: 水 | C109: 龜 | D109: 出戰牌全同屬性：戰力 +2 | E109: 本回合我方核心屬性改為指定屬性（翻牌前宣告）
