Workbook

Sheet 說明
A1: 26 種啟動 × 16 種獻祭 = 416 種組合的強度測試
A3: 做法：把組合卡直接取代牌組中 1 張或 3 張一般卡（現有 27 張中隨機），對上一般隨機牌組，隊長雙方隨機。每格 800 場，誤差約 ±2%。
A4: 不使用空白卡：50% ＝ 跟一般卡一樣強；高於 50% 越多越強，低於 50% 代表比一般卡弱。
A5: 屬性專屬效果（核心為 X、每 2 座直立 X 石像）：3 張都放在同色，且牌組以該色為主（7 張）。
A7: 各工作表：
A8: 1張強度：牌組放 1 張該組合的勝率（看單張強不強）
A9: 3張強度：牌組放 3 張該組合的勝率（看疊加後強不強）
A10: 疊加增幅：3 張減 1 張。正數越大＝越疊越強；負數＝這張比一般卡弱，放越多越吃虧
A11: 全組合排名：416 種組合依 3 張強度排序
A13: 表格的列（啟動效果）依「3 張平均」由強到弱排序，欄（獻祭效果）依「1 張平均」由強到弱排序。
A14: 注意：條件型效果（一對 +1、雜色 +2、上回合平手等）的分數，部分受電腦 AI 不會刻意配合影響，實際玩可能比數字強。

Sheet 1張強度
A1: 啟動 ＼ 獻祭 | B1: 本場戰力 +2 | C1: 破壞對手 1 座直立石像 | D1: 變換 1 張自己出戰牌的屬性 | E1: 本回合不受剋制 | F1: 1 張手牌與牌庫頂交換 | G1: 【反擊】對手獻祭無效 | H1: 查看對手 2 張手牌 | I1: 封印對手隊長（本回合） | J1: 抽 2 | K1: 取回 2 | L1: 從牌庫選 1 張加入手牌 | M1: 複製 1 次直立、未封印石像的獻祭效果 | N1: 獲勝時多得 1 分 | O1: 棄牌區 2 張洗回牌庫 | P1: 本回合對手獻祭無效 | Q1: 1 座已獻祭石像洗回牌庫 | R1: 平均
A2: 【補牌】時對手隨機棄 1 | B2: 0.56625 | C2: 0.56125 | D2: 0.54 | E2: 0.5575 | F2: 0.54875 | G2: 0.56375 | H2: 0.54 | I2: 0.5425 | J2: 0.585 | K2: 0.53875 | L2: 0.53625 | M2: 0.52125 | N2: 0.55 | O2: 0.5225 | P2: 0.545 | Q2: 0.52625 | R2: =AVERAGE(B2:Q2) -> 0.5465625
A3: 所有牌型戰力 +1 | B3: 0.51875 | C3: 0.49875 | D3: 0.505 | E3: 0.53125 | F3: 0.53 | G3: 0.51625 | H3: 0.5875 | I3: 0.55625 | J3: 0.54875 | K3: 0.555 | L3: 0.50625 | M3: 0.5475 | N3: 0.48375 | O3: 0.50625 | P3: 0.525 | Q3: 0.50375 | R3: =AVERAGE(B3:Q3) -> 0.52625
A4: 對手戰力 -1 | B4: 0.51875 | C4: 0.51 | D4: 0.54 | E4: 0.57125 | F4: 0.525 | G4: 0.50125 | H4: 0.555 | I4: 0.5375 | J4: 0.54875 | K4: 0.515 | L4: 0.47625 | M4: 0.5275 | N4: 0.485 | O4: 0.52625 | P4: 0.52375 | Q4: 0.45375 | R4: =AVERAGE(B4:Q4) -> 0.5196875
A5: 每獻祭 2 座石像：所有牌型戰力 +1 | B5: 0.53625 | C5: 0.55375 | D5: 0.53125 | E5: 0.545 | F5: 0.515 | G5: 0.5125 | H5: 0.51 | I5: 0.52 | J5: 0.53875 | K5: 0.53125 | L5: 0.4925 | M5: 0.5125 | N5: 0.52875 | O5: 0.4625 | P5: 0.5025 | Q5: 0.495 | R5: =AVERAGE(B5:Q5) -> 0.51796875
A6: 每 2 座直立草石像：戰力 +1 | B6: 0.5275 | C6: 0.505 | D6: 0.515 | E6: 0.555 | F6: 0.5225 | G6: 0.52625 | H6: 0.53 | I6: 0.48875 | J6: 0.5075 | K6: 0.495 | L6: 0.50875 | M6: 0.5 | N6: 0.50375 | O6: 0.485 | P6: 0.49625 | Q6: 0.48875 | R6: =AVERAGE(B6:Q6) -> 0.5096875
A7: 出戰牌全同屬性：戰力 +2 | B7: 0.48625 | C7: 0.48375 | D7: 0.5225 | E7: 0.485 | F7: 0.4775 | G7: 0.53125 | H7: 0.49375 | I7: 0.48375 | J7: 0.47375 | K7: 0.49 | L7: 0.48875 | M7: 0.51875 | N7: 0.4975 | O7: 0.48375 | P7: 0.50375 | Q7: 0.4725 | R7: =AVERAGE(B7:Q7) -> 0.49328125
A8: 【補牌】時棄 1 抽 2 | B8: 0.535 | C8: 0.55625 | D8: 0.515 | E8: 0.51875 | F8: 0.515 | G8: 0.50375 | H8: 0.45125 | I8: 0.51375 | J8: 0.4775 | K8: 0.51125 | L8: 0.48875 | M8: 0.49125 | N8: 0.53875 | O8: 0.49625 | P8: 0.49375 | Q8: 0.465 | R8: =AVERAGE(B8:Q8) -> 0.50445312
A9: 每 2 座直立水石像：戰力 +1 | B9: 0.5175 | C9: 0.50125 | D9: 0.5225 | E9: 0.5025 | F9: 0.495 | G9: 0.4975 | H9: 0.49125 | I9: 0.48625 | J9: 0.51 | K9: 0.4725 | L9: 0.48125 | M9: 0.48875 | N9: 0.50375 | O9: 0.4825 | P9: 0.5025 | Q9: 0.49625 | R9: =AVERAGE(B9:Q9) -> 0.49695312
A10: 每 2 座直立火石像：戰力 +1 | B10: 0.47375 | C10: 0.4925 | D10: 0.49375 | E10: 0.51625 | F10: 0.50625 | G10: 0.51 | H10: 0.5025 | I10: 0.49875 | J10: 0.50875 | K10: 0.4925 | L10: 0.51 | M10: 0.49125 | N10: 0.47 | O10: 0.48625 | P10: 0.46875 | Q10: 0.49875 | R10: =AVERAGE(B10:Q10) -> 0.495
A11: AAA 戰力 +2 | B11: 0.50125 | C11: 0.50125 | D11: 0.545 | E11: 0.47875 | F11: 0.50125 | G11: 0.51375 | H11: 0.49125 | I11: 0.50125 | J11: 0.45625 | K11: 0.5175 | L11: 0.51375 | M11: 0.495 | N11: 0.4825 | O11: 0.50125 | P11: 0.475 | Q11: 0.505 | R11: =AVERAGE(B11:Q11) -> 0.49875
A12: AABB 戰力 +1 | B12: 0.51125 | C12: 0.5125 | D12: 0.5125 | E12: 0.53625 | F12: 0.49125 | G12: 0.46625 | H12: 0.4775 | I12: 0.5075 | J12: 0.48375 | K12: 0.47 | L12: 0.48625 | M12: 0.4975 | N12: 0.52125 | O12: 0.49125 | P12: 0.445 | Q12: 0.50375 | R12: =AVERAGE(B12:Q12) -> 0.49460938
A13: 對手額外抽牌時 -1 張 | B13: 0.50875 | C13: 0.5275 | D13: 0.5025 | E13: 0.50125 | F13: 0.4975 | G13: 0.51375 | H13: 0.46 | I13: 0.51125 | J13: 0.52125 | K13: 0.47125 | L13: 0.505 | M13: 0.47875 | N13: 0.47875 | O13: 0.4875 | P13: 0.51875 | Q13: 0.4725 | R13: =AVERAGE(B13:Q13) -> 0.49726562
... A27: 一對（AA、AAB、AABC）戰力 +1 | B27: 0.5125 | C27: 0.5025 | D27: 0.51875 | E27: 0.4875 | F27: 0.4975 | G27: 0.4875 | H27: 0.47625 | I27: 0.44375 | J27: 0.465 | K27: 0.455 | L27: 0.48625 | M27: 0.46625 | N27: 0.4675 | O27: 0.4775 | P27: 0.42 | Q27: 0.44875 | R27: =AVERAGE(B27:Q27) -> 0.47578125
A28: 平均 | B28: =AVERAGE(B2:B27) -> 0.51110577 | C28: =AVERAGE(C2:C27) -> 0.51024038 | D28: =AVERAGE(D2:D27) -> 0.51004808 | E28: =AVERAGE(E2:E27) -> 0.50456731 | F28: =AVERAGE(F2:F27) -> 0.49966346 | G28: =AVERAGE(G2:G27) -> 0.49894231 | H28: =AVERAGE(H2:H27) -> 0.49807692 | I28: =AVERAGE(I2:I27) -> 0.49754808 | ... R28: =AVERAGE(R2:R27) -> 0.49756911

Sheet 3張強度
A1: 啟動 ＼ 獻祭 | B1: 本場戰力 +2 | C1: 破壞對手 1 座直立石像 | D1: 變換 1 張自己出戰牌的屬性 | E1: 本回合不受剋制 | F1: 1 張手牌與牌庫頂交換 | G1: 【反擊】對手獻祭無效 | H1: 查看對手 2 張手牌 | I1: 封印對手隊長（本回合） | J1: 抽 2 | K1: 取回 2 | L1: 從牌庫選 1 張加入手牌 | M1: 複製 1 次直立、未封印石像的獻祭效果 | N1: 獲勝時多得 1 分 | O1: 棄牌區 2 張洗回牌庫 | P1: 本回合對手獻祭無效 | Q1: 1 座已獻祭石像洗回牌庫 | R1: 平均
A2: 【補牌】時對手隨機棄 1 | B2: 0.70625 | C2: 0.6675 | D2: 0.67 | E2: 0.6775 | F2: 0.65875 | G2: 0.675 | H2: 0.60625 | I2: 0.64875 | J2: 0.65375 | K2: 0.68875 | L2: 0.58 | M2: 0.5825 | N2: 0.69375 | O2: 0.61 | P2: 0.67375 | Q2: 0.60375 | R2: =AVERAGE(B2:Q2) -> 0.64976563
A3: 所有牌型戰力 +1 | B3: 0.60875 | C3: 0.565 | D3: 0.59125 | E3: 0.62375 | F3: 0.64625 | G3: 0.56625 | H3: 0.615 | I3: 0.62625 | J3: 0.61875 | K3: 0.62125 | L3: 0.5025 | M3: 0.52 | N3: 0.56125 | O3: 0.545 | P3: 0.58875 | Q3: 0.555 | R3: =AVERAGE(B3:Q3) -> 0.5846875
A4: 對手戰力 -1 | B4: 0.615 | C4: 0.5525 | D4: 0.56625 | E4: 0.6325 | F4: 0.63875 | G4: 0.565 | H4: 0.61875 | I4: 0.61125 | J4: 0.63625 | K4: 0.61375 | L4: 0.475 | M4: 0.52375 | N4: 0.5175 | O4: 0.5375 | P4: 0.56875 | Q4: 0.5175 | R4: =AVERAGE(B4:Q4) -> 0.574375
A5: 每獻祭 2 座石像：所有牌型戰力 +1 | B5: 0.585 | C5: 0.535 | D5: 0.6 | E5: 0.575 | F5: 0.48875 | G5: 0.55125 | H5: 0.50375 | I5: 0.51625 | J5: 0.55625 | K5: 0.56 | L5: 0.5025 | M5: 0.59125 | N5: 0.5725 | O5: 0.495 | P5: 0.57375 | Q5: 0.4775 | R5: =AVERAGE(B5:Q5) -> 0.54273437
A6: 每 2 座直立草石像：戰力 +1 | B6: 0.51625 | C6: 0.5225 | D6: 0.52 | E6: 0.56625 | F6: 0.515 | G6: 0.5175 | H6: 0.52125 | I6: 0.5225 | J6: 0.52625 | K6: 0.52875 | L6: 0.47125 | M6: 0.475 | N6: 0.48 | O6: 0.4725 | P6: 0.5275 | Q6: 0.44875 | R6: =AVERAGE(B6:Q6) -> 0.50820312
A7: 出戰牌全同屬性：戰力 +2 | B7: 0.51375 | C7: 0.51375 | D7: 0.5425 | E7: 0.53 | F7: 0.4475 | G7: 0.51625 | H7: 0.52375 | I7: 0.52125 | J7: 0.49625 | K7: 0.53625 | L7: 0.50125 | M7: 0.47 | N7: 0.465 | O7: 0.47375 | P7: 0.53375 | Q7: 0.4775 | R7: =AVERAGE(B7:Q7) -> 0.50390625
A8: 【補牌】時棄 1 抽 2 | B8: 0.56 | C8: 0.60125 | D8: 0.49375 | E8: 0.5075 | F8: 0.47375 | G8: 0.49375 | H8: 0.4925 | I8: 0.46875 | J8: 0.485 | K8: 0.46375 | L8: 0.45625 | M8: 0.50125 | N8: 0.545 | O8: 0.505 | P8: 0.4325 | Q8: 0.43375 | R8: =AVERAGE(B8:Q8) -> 0.49460938
A9: 每 2 座直立水石像：戰力 +1 | B9: 0.50375 | C9: 0.5 | D9: 0.49375 | E9: 0.53875 | F9: 0.53125 | G9: 0.49125 | H9: 0.49375 | I9: 0.54 | J9: 0.49875 | K9: 0.475 | L9: 0.485 | M9: 0.46625 | N9: 0.49875 | O9: 0.4425 | P9: 0.45375 | Q9: 0.4775 | R9: =AVERAGE(B9:Q9) -> 0.493125
A10: 每 2 座直立火石像：戰力 +1 | B10: 0.53125 | C10: 0.51125 | D10: 0.50375 | E10: 0.52 | F10: 0.46 | G10: 0.4975 | H10: 0.50625 | I10: 0.53625 | J10: 0.50125 | K10: 0.53625 | L10: 0.4675 | M10: 0.45625 | N10: 0.47375 | O10: 0.41125 | P10: 0.47625 | Q10: 0.43625 | R10: =AVERAGE(B10:Q10) -> 0.4890625
A11: AAA 戰力 +2 | B11: 0.51 | C11: 0.52125 | D11: 0.515 | E11: 0.48375 | F11: 0.48125 | G11: 0.4975 | H11: 0.49125 | I11: 0.4625 | J11: 0.48 | K11: 0.48875 | L11: 0.48625 | M11: 0.4975 | N11: 0.47 | O11: 0.4875 | P11: 0.44625 | Q11: 0.47 | R11: =AVERAGE(B11:Q11) -> 0.48679688
A12: AABB 戰力 +1 | B12: 0.48875 | C12: 0.50375 | D12: 0.47875 | E12: 0.47625 | F12: 0.49875 | G12: 0.48 | H12: 0.47375 | I12: 0.4825 | J12: 0.4625 | K12: 0.46 | L12: 0.46875 | M12: 0.45625 | N12: 0.44125 | O12: 0.50375 | P12: 0.47375 | Q12: 0.51 | R12: =AVERAGE(B12:Q12) -> 0.47867188
A13: 對手額外抽牌時 -1 張 | B13: 0.47375 | C13: 0.505 | D13: 0.48125 | E13: 0.47625 | F13: 0.46875 | G13: 0.455 | H13: 0.4475 | I13: 0.49125 | J13: 0.45875 | K13: 0.4775 | L13: 0.4875 | M13: 0.46625 | N13: 0.485 | O13: 0.48375 | P13: 0.45125 | Q13: 0.4925 | R13: =AVERAGE(B13:Q13) -> 0.47507813
... A27: 一對（AA、AAB、AABC）戰力 +1 | B27: 0.45875 | C27: 0.48625 | D27: 0.36 | E27: 0.4 | F27: 0.42125 | G27: 0.4075 | H27: 0.40875 | I27: 0.40375 | J27: 0.3775 | K27: 0.4175 | L27: 0.39 | M27: 0.3725 | N27: 0.365 | O27: 0.4275 | P27: 0.3225 | Q27: 0.38 | R27: =AVERAGE(B27:Q27) -> 0.39992187
A28: 平均 | B28: =AVERAGE(B2:B27) -> 0.52307692 | C28: =AVERAGE(C2:C27) -> 0.52836538 | D28: =AVERAGE(D2:D27) -> 0.49865385 | E28: =AVERAGE(E2:E27) -> 0.49711538 | F28: =AVERAGE(F2:F27) -> 0.489375 | G28: =AVERAGE(G2:G27) -> 0.49379808 | H28: =AVERAGE(H2:H27) -> 0.48519231 | I28: =AVERAGE(I2:I27) -> 0.49240385 | ... R28: =AVERAGE(R2:R27) -> 0.48789964

Sheet 疊加增幅
A1: 啟動 ＼ 獻祭 | B1: 本場戰力 +2 | C1: 破壞對手 1 座直立石像 | D1: 變換 1 張自己出戰牌的屬性 | E1: 本回合不受剋制 | F1: 1 張手牌與牌庫頂交換 | G1: 【反擊】對手獻祭無效 | H1: 查看對手 2 張手牌 | I1: 封印對手隊長（本回合） | J1: 抽 2 | K1: 取回 2 | L1: 從牌庫選 1 張加入手牌 | M1: 複製 1 次直立、未封印石像的獻祭效果 | N1: 獲勝時多得 1 分 | O1: 棄牌區 2 張洗回牌庫 | P1: 本回合對手獻祭無效 | Q1: 1 座已獻祭石像洗回牌庫 | R1: 平均
A2: 【補牌】時對手隨機棄 1 | B2: =3張強度!B2-1張強度!B2 -> 0.14 | C2: =3張強度!C2-1張強度!C2 -> 0.10625 | D2: =3張強度!D2-1張強度!D2 -> 0.13 | E2: =3張強度!E2-1張強度!E2 -> 0.12 | F2: =3張強度!F2-1張強度!F2 -> 0.11 | G2: =3張強度!G2-1張強度!G2 -> 0.11125 | H2: =3張強度!H2-1張強度!H2 -> 0.06625 | I2: =3張強度!I2-1張強度!I2 -> 0.10625 | ... Q2: =3張強度!Q2-1張強度!Q2 -> 0.0775 | R2: =AVERAGE(B2:Q2) -> 0.10320313
A3: 所有牌型戰力 +1 | B3: =3張強度!B3-1張強度!B3 -> 0.09 | C3: =3張強度!C3-1張強度!C3 -> 0.06625 | D3: =3張強度!D3-1張強度!D3 -> 0.08625 | E3: =3張強度!E3-1張強度!E3 -> 0.0925 | F3: =3張強度!F3-1張強度!F3 -> 0.11625 | G3: =3張強度!G3-1張強度!G3 -> 0.05 | H3: =3張強度!H3-1張強度!H3 -> 0.0275 | I3: =3張強度!I3-1張強度!I3 -> 0.07 | ... Q3: =3張強度!Q3-1張強度!Q3 -> 0.05125 | R3: =AVERAGE(B3:Q3) -> 0.0584375
A4: 對手戰力 -1 | B4: =3張強度!B4-1張強度!B4 -> 0.09625 | C4: =3張強度!C4-1張強度!C4 -> 0.0425 | D4: =3張強度!D4-1張強度!D4 -> 0.02625 | E4: =3張強度!E4-1張強度!E4 -> 0.06125 | F4: =3張強度!F4-1張強度!F4 -> 0.11375 | G4: =3張強度!G4-1張強度!G4 -> 0.06375 | H4: =3張強度!H4-1張強度!H4 -> 0.06375 | I4: =3張強度!I4-1張強度!I4 -> 0.07375 | ... Q4: =3張強度!Q4-1張強度!Q4 -> 0.06375 | R4: =AVERAGE(B4:Q4) -> 0.0546875
A5: 每獻祭 2 座石像：所有牌型戰力 +1 | B5: =3張強度!B5-1張強度!B5 -> 0.04875 | C5: =3張強度!C5-1張強度!C5 -> -0.01875 | D5: =3張強度!D5-1張強度!D5 -> 0.06875 | E5: =3張強度!E5-1張強度!E5 -> 0.03 | F5: =3張強度!F5-1張強度!F5 -> -0.02625 | G5: =3張強度!G5-1張強度!G5 -> 0.03875 | H5: =3張強度!H5-1張強度!H5 -> -0.00625 | I5: =3張強度!I5-1張強度!I5 -> -0.00375 | ... Q5: =3張強度!Q5-1張強度!Q5 -> -0.0175 | R5: =AVERAGE(B5:Q5) -> 0.024765625
A6: 每 2 座直立草石像：戰力 +1 | B6: =3張強度!B6-1張強度!B6 -> -0.01125 | C6: =3張強度!C6-1張強度!C6 -> 0.0175 | D6: =3張強度!D6-1張強度!D6 -> 0.005 | E6: =3張強度!E6-1張強度!E6 -> 0.01125 | F6: =3張強度!F6-1張強度!F6 -> -0.0075 | G6: =3張強度!G6-1張強度!G6 -> -0.00875 | H6: =3張強度!H6-1張強度!H6 -> -0.00875 | I6: =3張強度!I6-1張強度!I6 -> 0.03375 | ... Q6: =3張強度!Q6-1張強度!Q6 -> -0.04 | R6: =AVERAGE(B6:Q6) -> -0.001484375
A7: 出戰牌全同屬性：戰力 +2 | B7: =3張強度!B7-1張強度!B7 -> 0.0275 | C7: =3張強度!C7-1張強度!C7 -> 0.03 | D7: =3張強度!D7-1張強度!D7 -> 0.02 | E7: =3張強度!E7-1張強度!E7 -> 0.045 | F7: =3張強度!F7-1張強度!F7 -> -0.03 | G7: =3張強度!G7-1張強度!G7 -> -0.015 | H7: =3張強度!H7-1張強度!H7 -> 0.03 | I7: =3張強度!I7-1張強度!I7 -> 0.0375 | ... Q7: =3張強度!Q7-1張強度!Q7 -> 0.005 | R7: =AVERAGE(B7:Q7) -> 0.010625
A8: 【補牌】時棄 1 抽 2 | B8: =3張強度!B8-1張強度!B8 -> 0.025 | C8: =3張強度!C8-1張強度!C8 -> 0.045 | D8: =3張強度!D8-1張強度!D8 -> -0.02125 | E8: =3張強度!E8-1張強度!E8 -> -0.01125 | F8: =3張強度!F8-1張強度!F8 -> -0.04125 | G8: =3張強度!G8-1張強度!G8 -> -0.01 | H8: =3張強度!H8-1張強度!H8 -> 0.04125 | I8: =3張強度!I8-1張強度!I8 -> -0.045 | ... Q8: =3張強度!Q8-1張強度!Q8 -> -0.03125 | R8: =AVERAGE(B8:Q8) -> -0.00984375
A9: 每 2 座直立水石像：戰力 +1 | B9: =3張強度!B9-1張強度!B9 -> -0.01375 | C9: =3張強度!C9-1張強度!C9 -> -0.00125 | D9: =3張強度!D9-1張強度!D9 -> -0.02875 | E9: =3張強度!E9-1張強度!E9 -> 0.03625 | F9: =3張強度!F9-1張強度!F9 -> 0.03625 | G9: =3張強度!G9-1張強度!G9 -> -0.00625 | H9: =3張強度!H9-1張強度!H9 -> 0.0025 | I9: =3張強度!I9-1張強度!I9 -> 0.05375 | ... Q9: =3張強度!Q9-1張強度!Q9 -> -0.01875 | R9: =AVERAGE(B9:Q9) -> -0.003828125
A10: 每 2 座直立火石像：戰力 +1 | B10: =3張強度!B10-1張強度!B10 -> 0.0575 | C10: =3張強度!C10-1張強度!C10 -> 0.01875 | D10: =3張強度!D10-1張強度!D10 -> 0.01 | E10: =3張強度!E10-1張強度!E10 -> 0.00375 | F10: =3張強度!F10-1張強度!F10 -> -0.04625 | G10: =3張強度!G10-1張強度!G10 -> -0.0125 | H10: =3張強度!H10-1張強度!H10 -> 0.00375 | I10: =3張強度!I10-1張強度!I10 -> 0.0375 | ... Q10: =3張強度!Q10-1張強度!Q10 -> -0.0625 | R10: =AVERAGE(B10:Q10) -> -0.0059375
A11: AAA 戰力 +2 | B11: =3張強度!B11-1張強度!B11 -> 0.00875 | C11: =3張強度!C11-1張強度!C11 -> 0.02 | D11: =3張強度!D11-1張強度!D11 -> -0.03 | E11: =3張強度!E11-1張強度!E11 -> 0.005 | F11: =3張強度!F11-1張強度!F11 -> -0.02 | G11: =3張強度!G11-1張強度!G11 -> -0.01625 | H11: =3張強度!H11-1張強度!H11 -> 0 | I11: =3張強度!I11-1張強度!I11 -> -0.03875 | ... Q11: =3張強度!Q11-1張強度!Q11 -> -0.035 | R11: =AVERAGE(B11:Q11) -> -0.011953125
A12: AABB 戰力 +1 | B12: =3張強度!B12-1張強度!B12 -> -0.0225 | C12: =3張強度!C12-1張強度!C12 -> -0.00875 | D12: =3張強度!D12-1張強度!D12 -> -0.03375 | E12: =3張強度!E12-1張強度!E12 -> -0.06 | F12: =3張強度!F12-1張強度!F12 -> 0.0075 | G12: =3張強度!G12-1張強度!G12 -> 0.01375 | H12: =3張強度!H12-1張強度!H12 -> -0.00375 | I12: =3張強度!I12-1張強度!I12 -> -0.025 | ... Q12: =3張強度!Q12-1張強度!Q12 -> 0.00625 | R12: =AVERAGE(B12:Q12) -> -0.0159375
A13: 對手額外抽牌時 -1 張 | B13: =3張強度!B13-1張強度!B13 -> -0.035 | C13: =3張強度!C13-1張強度!C13 -> -0.0225 | D13: =3張強度!D13-1張強度!D13 -> -0.02125 | E13: =3張強度!E13-1張強度!E13 -> -0.025 | F13: =3張強度!F13-1張強度!F13 -> -0.02875 | G13: =3張強度!G13-1張強度!G13 -> -0.05875 | H13: =3張強度!H13-1張強度!H13 -> -0.0125 | I13: =3張強度!I13-1張強度!I13 -> -0.02 | ... Q13: =3張強度!Q13-1張強度!Q13 -> 0.02 | R13: =AVERAGE(B13:Q13) -> -0.0221875
... A27: 一對（AA、AAB、AABC）戰力 +1 | B27: =3張強度!B27-1張強度!B27 -> -0.05375 | C27: =3張強度!C27-1張強度!C27 -> -0.01625 | D27: =3張強度!D27-1張強度!D27 -> -0.15875 | E27: =3張強度!E27-1張強度!E27 -> -0.0875 | F27: =3張強度!F27-1張強度!F27 -> -0.07625 | G27: =3張強度!G27-1張強度!G27 -> -0.08 | H27: =3張強度!H27-1張強度!H27 -> -0.0675 | I27: =3張強度!I27-1張強度!I27 -> -0.04 | ... Q27: =3張強度!Q27-1張強度!Q27 -> -0.06875 | R27: =AVERAGE(B27:Q27) -> -0.075859375
A28: 平均 | B28: =AVERAGE(B2:B27) -> 0.011971154 | C28: =AVERAGE(C2:C27) -> 0.018125 | D28: =AVERAGE(D2:D27) -> -0.011394231 | E28: =AVERAGE(E2:E27) -> -0.0074519231 | F28: =AVERAGE(F2:F27) -> -0.010288462 | G28: =AVERAGE(G2:G27) -> -0.0051442308 | H28: =AVERAGE(H2:H27) -> -0.012884615 | I28: =AVERAGE(I2:I27) -> -0.0051442308 | ... R28: =AVERAGE(R2:R27) -> -0.0096694712

Sheet 全組合排名
A1: 排名 | B1: 啟動效果 | C1: 獻祭效果 | D1: 1 張 | E1: 3 張 | F1: 疊加增幅
A2: 1 | B2: 【補牌】時對手隨機棄 1 | C2: 本場戰力 +2 | D2: 0.56625 | E2: 0.70625 | F2: =E2-D2 -> 0.14
A3: 2 | B3: 【補牌】時對手隨機棄 1 | C3: 獲勝時多得 1 分 | D3: 0.55 | E3: 0.69375 | F3: =E3-D3 -> 0.14375
A4: 3 | B4: 【補牌】時對手隨機棄 1 | C4: 取回 2 | D4: 0.53875 | E4: 0.68875 | F4: =E4-D4 -> 0.15
A5: 4 | B5: 【補牌】時對手隨機棄 1 | C5: 本回合不受剋制 | D5: 0.5575 | E5: 0.6775 | F5: =E5-D5 -> 0.12
A6: 5 | B6: 【補牌】時對手隨機棄 1 | C6: 【反擊】對手獻祭無效 | D6: 0.56375 | E6: 0.675 | F6: =E6-D6 -> 0.11125
A7: 6 | B7: 【補牌】時對手隨機棄 1 | C7: 本回合對手獻祭無效 | D7: 0.545 | E7: 0.67375 | F7: =E7-D7 -> 0.12875
A8: 7 | B8: 【補牌】時對手隨機棄 1 | C8: 變換 1 張自己出戰牌的屬性 | D8: 0.54 | E8: 0.67 | F8: =E8-D8 -> 0.13
A9: 8 | B9: 【補牌】時對手隨機棄 1 | C9: 破壞對手 1 座直立石像 | D9: 0.56125 | E9: 0.6675 | F9: =E9-D9 -> 0.10625
A10: 9 | B10: 【補牌】時對手隨機棄 1 | C10: 1 張手牌與牌庫頂交換 | D10: 0.54875 | E10: 0.65875 | F10: =E10-D10 -> 0.11
A11: 10 | B11: 【補牌】時對手隨機棄 1 | C11: 抽 2 | D11: 0.585 | E11: 0.65375 | F11: =E11-D11 -> 0.06875
A12: 11 | B12: 【補牌】時對手隨機棄 1 | C12: 封印對手隊長（本回合） | D12: 0.5425 | E12: 0.64875 | F12: =E12-D12 -> 0.10625
A13: 12 | B13: 所有牌型戰力 +1 | C13: 1 張手牌與牌庫頂交換 | D13: 0.53 | E13: 0.64625 | F13: =E13-D13 -> 0.11625
... A417: 416 | B417: 一對（AA、AAB、AABC）戰力 +1 | C417: 本回合對手獻祭無效 | D417: 0.42 | E417: 0.3225 | F417: =E417-D417 -> -0.0975
